{"cameraMode":{"drawMode":0,"name":"Shaded","section":"Shading Mode"},"sceneLighting":true,"audioPlay":false,"sceneViewState":{"showFog":true,"showMaterialUpdate":true,"showSkybox":true,"showFlares":true,"showImageEffects":true,"showParticleSystems":true},"in2DMode":false,"pivot":{"x":50.98492431640625,"y":16.560977935791017,"z":15.200017929077149},"rotation":{"x":-0.24528881907463075,"y":-0.01863614097237587,"z":0.004715909715741873,"w":-0.96925950050354},"size":27.20526695251465,"orthographic":false}